{
 "App": "com.whatsapp.w4b",
 "Architecture": "aarch64",
 "AutoConf status": "autoconf_server_enabled",
 "Board": "LDN-L21B",
 "Build": "HUAWEI\/LDN-L21B\/HWLDN-Q:8.0.0\/HUAWEILDN-L21\/142(C185):user\/release-keys",
 "CCode": "258 853539136",
 "CPU ABI": "arm64-v8a",
 "Carrier": "MOVITEL",
 "Description": "2.25.12.75",
 "Device": "HWLDN-Q",
 "Device ID": 0,
 "Device ISO8601": "2025-05-26 07:54:18.611+0200",
 "Email OTP status": "email_otp_not_eligible",
 "FAQ Results Read": 10,
 "FAQ Results Returned": 10,
 "Is Foldable": false,
 "Is Tablet": false,
 "Kernel": "Unknown release unknown version",
 "LC": "MZ",
 "LG": "pt",
 "Manufacturer": "HUAWEI",
 "Missing Permissions": "android.permission.USE_BIOMETRIC, android.permission.FOREGROUND_SERVICE, android.permission.POST_NOTIFICATIONS, android.permission.SCHEDULE_EXACT_ALARM, android.permission.ACCESS_COARSE_LOCATION, android.permission.ACCESS_FINE_LOCATION, android.permission.ACCESS_MEDIA_LOCATION, android.permission.FOREGROUND_SERVICE_DATA_SYNC, android.permission.FOREGROUND_SERVICE_LOCATION, android.permission.INSTALL_SHORTCUT, android.permission.READ_PHONE_NUMBERS, android.permission.SEND_SMS, android.permission.READ_MEDIA_AUDIO, android.permission.READ_MEDIA_IMAGES, android.permission.READ_MEDIA_VIDEO, android.permission.READ_MEDIA_VISUAL_USER_SELECTED, android.permission.REQUEST_INSTALL_PACKAGES, android.permission.USE_FULL_SCREEN_INTENT, com.sec.android.provider.badge.permission.READ, com.sec.android.provider.badge.permission.WRITE, com.htc.launcher.permission.READ_SETTINGS, com.htc.launcher.permission.UPDATE_SHORTCUT, com.sonyericsson.home.permission.BROADCAST_BADGE, com.sonymobile.home.permission.PROVIDER_INSERT_BADGE, com.huawei.android.launcher.permission.READ_SETTINGS, com.huawei.android.launcher.permission.WRITE_SETTINGS, com.huawei.android.launcher.permission.CHANGE_BADGE, android.permission.ANSWER_PHONE_CALLS, android.permission.READ_CALL_LOG, android.permission.FOREGROUND_SERVICE_MICROPHONE, android.permission.FOREGROUND_SERVICE_CAMERA, android.permission.FOREGROUND_SERVICE_MEDIA_PROJECTION, android.permission.FOREGROUND_SERVICE_PHONE_CALL, android.permission.NEARBY_WIFI_DEVICES, android.permission.DETECT_SCREEN_CAPTURE, android.permission.BLUETOOTH_SCAN, android.permission.BLUETOOTH_ADVERTISE, android.permission.BLUETOOTH_CONNECT, com.facebook.services.identity.FEO2, android.permission.RUN_USER_INITIATED_JOBS",
 "Model": "LDN-L21",
 "Network Type": "L.T.E.",
 "OS": "8.0.0",
 "Phone Type": "G.S.M.",
 "Product": "LDN-L21B",
 "Radio MCC-MNC": "643-03",
 "SIM MCC-MNC": "643-04",
 "Target": "release",
 "Version": "2.25.12.75",
 "Debug info": "unregistered",
 "MDEnabled": true,
 "HasMdCompanion": false,
 "Context": "register-2fa +258853539136",
 "useragent": "WhatsApp\/2.25.12.75 SMBA\/8.0.0 Device\/HUAWEI-LDN-L21",
 "Socket Conn": "DN",
 "Free Space Built-In": "15389544448 (15,39 GB)",
 "Free Space Removable": "15368572928 (15,37 GB)",
 "Smb count": "72",
 "Ent count": "2",
 "Connection": "M.O.B.I.L.E. (L.T.E.)",
 "Diagnostic Codes": "FE-GDE FE-GDC FE-VIDC FE-SMSRTV ",
 "Sim": "+2589904520894 5",
 "L Distance": 11,
 "Network metered": "119:true",
 "Network restricted": "119:false",
 "Data roaming": "false",
 "Tel roaming": "false",
 "Last CR ID": "",
 "Last Relay Call UUID": "gRKP6kaTsFXavYUe",
 "ABprops hash state": "unregistered",
 "Serverprops hash state": "unregistered",
 "Video transcode": "supported",
 "anid": "c8668979-216a-446e-95db-ca12ace4601a",
 "XPMigrated": "no",
 "backup-restore": "backup:0",
 "Datacenter": "cln",
 "Screen reader": false,
 "Fingerprint eligible": true,
 "Last local backup time": "2025-08-13 06:51:00.000+0200",
 "Google account added": false,
 "Groups media visibility": "default",
 "Individual media visibility": "default",
 "In scoped mode": false,
 "Has unexpected .nomedia": false,
 "Is Companion": false,
 "Has Wear OS Companion": false,
 "saga_copy": "true",
 "pn": "258853539136"
}